id,name,slug,short_description,description,price,sale_price,stock_quantity,main_image_url,additional_image_urls,display_order,status,category_slug,brand_slug,source_marketplace,source_url,source_price_jpy,source_currency,exchange_rate_note
,Apple iPhone 16 256GB Ultramarine SIM Free,apple-iphone-16-256gb-ultramarine-sim-free-01,Apple iPhone 16 256GB SIM free model listed on Amazon Japan.,Apple iPhone 16 256GB SIM free model listed on Amazon Japan. Collected from Amazon Japan product page/source. Price converted from JPY to VND; stock is a placeholder.,23358000,,20,https://images-na.ssl-images-amazon.com/images/P/B0DGJBMMCV.01.LZZZZZZZ.jpg,https://images-na.ssl-images-amazon.com/images/P/B0DGJBMMCV.02.LZZZZZZZ.jpg|https://images-na.ssl-images-amazon.com/images/P/B0DGJBMMCV.03.LZZZZZZZ.jpg|https://images-na.ssl-images-amazon.com/images/P/B0DGJBMMCV.04.LZZZZZZZ.jpg|https://images-na.ssl-images-amazon.com/images/P/B0DGJBMMCV.05.LZZZZZZZ.jpg|https://images-na.ssl-images-amazon.com/images/P/B0DGJBMMCV.06.LZZZZZZZ.jpg,1,1,dien-thoai,apple,Amazon Japan,https://www.amazon.co.jp/dp/B0DGJBMMCV,139800,JPY,1 JPY = 167.08 VND
,OPPO Reno13 A Charcoal Gray,oppo-reno13-a-charcoal-gray-02,OPPO Reno13 A Android smartphone from Amazon Japan listing.,OPPO Reno13 A Android smartphone from Amazon Japan listing. Collected from Amazon Japan product page/source. Price converted from JPY to VND; stock is a placeholder.,7412000,,21,https://images-na.ssl-images-amazon.com/images/P/B0FCL8L1TT.01.LZZZZZZZ.jpg,https://images-na.ssl-images-amazon.com/images/P/B0FCL8L1TT.02.LZZZZZZZ.jpg|https://images-na.ssl-images-amazon.com/images/P/B0FCL8L1TT.03.LZZZZZZZ.jpg|https://images-na.ssl-images-amazon.com/images/P/B0FCL8L1TT.04.LZZZZZZZ.jpg|https://images-na.ssl-images-amazon.com/images/P/B0FCL8L1TT.05.LZZZZZZZ.jpg|https://images-na.ssl-images-amazon.com/images/P/B0FCL8L1TT.06.LZZZZZZZ.jpg,2,1,dien-thoai,oppo,Amazon Japan,https://www.amazon.co.jp/dp/B0FCL8L1TT,44364,JPY,1 JPY = 167.08 VND
,Xiaomi POCO M7 Pro 5G Black,xiaomi-poco-m7-pro-5g-black-03,Xiaomi POCO M7 Pro 5G smartphone sourced from Amazon Japan.,Xiaomi POCO M7 Pro 5G smartphone sourced from Amazon Japan. Collected from Amazon Japan product page/source. Price converted from JPY to VND; stock is a placeholder.,5009000,,22,https://images-na.ssl-images-amazon.com/images/P/B0DYF4KF65.01.LZZZZZZZ.jpg,https://images-na.ssl-images-amazon.com/images/P/B0DYF4KF65.02.LZZZZZZZ.jpg|https://images-na.ssl-images-amazon.com/images/P/B0DYF4KF65.03.LZZZZZZZ.jpg|https://images-na.ssl-images-amazon.com/images/P/B0DYF4KF65.04.LZZZZZZZ.jpg|https://images-na.ssl-images-amazon.com/images/P/B0DYF4KF65.05.LZZZZZZZ.jpg|https://images-na.ssl-images-amazon.com/images/P/B0DYF4KF65.06.LZZZZZZZ.jpg,3,1,dien-thoai,xiaomi,Amazon Japan,https://www.amazon.co.jp/dp/B0DYF4KF65,29980,JPY,1 JPY = 167.08 VND
,Dell Inspiron 14 Core i5 16GB 512GB,dell-inspiron-14-core-i5-16gb-512gb-04,"Dell Inspiron 14 laptop with Core i5, 16GB RAM and 512GB SSD.","Dell Inspiron 14 laptop with Core i5, 16GB RAM and 512GB SSD. Collected from Amazon Japan product page/source. Price converted from JPY to VND; stock is a placeholder.",20701000,,23,https://images-na.ssl-images-amazon.com/images/P/B0D69PQC6W.01.LZZZZZZZ.jpg,https://images-na.ssl-images-amazon.com/images/P/B0D69PQC6W.02.LZZZZZZZ.jpg|https://images-na.ssl-images-amazon.com/images/P/B0D69PQC6W.03.LZZZZZZZ.jpg|https://images-na.ssl-images-amazon.com/images/P/B0D69PQC6W.04.LZZZZZZZ.jpg|https://images-na.ssl-images-amazon.com/images/P/B0D69PQC6W.05.LZZZZZZZ.jpg|https://images-na.ssl-images-amazon.com/images/P/B0D69PQC6W.06.LZZZZZZZ.jpg,4,1,laptop,dell,Amazon Japan,https://www.amazon.co.jp/dp/B0D69PQC6W,123900,JPY,1 JPY = 167.08 VND
,ASUS Vivobook Go 15 Ryzen 5 16GB 512GB,asus-vivobook-go-15-ryzen-5-16gb-512gb-05,"ASUS Vivobook Go 15 E1504FA laptop with Ryzen 5, 16GB RAM and 512GB SSD.","ASUS Vivobook Go 15 E1504FA laptop with Ryzen 5, 16GB RAM and 512GB SSD. Collected from Amazon Japan product page/source. Price converted from JPY to VND; stock is a placeholder.",14168000,,24,https://images-na.ssl-images-amazon.com/images/P/B0C5R1CLLZ.01.LZZZZZZZ.jpg,https://images-na.ssl-images-amazon.com/images/P/B0C5R1CLLZ.02.LZZZZZZZ.jpg|https://images-na.ssl-images-amazon.com/images/P/B0C5R1CLLZ.03.LZZZZZZZ.jpg|https://images-na.ssl-images-amazon.com/images/P/B0C5R1CLLZ.04.LZZZZZZZ.jpg|https://images-na.ssl-images-amazon.com/images/P/B0C5R1CLLZ.05.LZZZZZZZ.jpg|https://images-na.ssl-images-amazon.com/images/P/B0C5R1CLLZ.06.LZZZZZZZ.jpg,5,1,laptop,asus,Amazon Japan,https://www.amazon.co.jp/dp/B0C5R1CLLZ,84800,JPY,1 JPY = 167.08 VND
,Apple iPad Air M3 11 Wi-Fi 128GB,apple-ipad-air-m3-11-wi-fi-128gb-06,Apple 11-inch iPad Air M3 Wi-Fi 128GB from Amazon Japan.,Apple 11-inch iPad Air M3 Wi-Fi 128GB from Amazon Japan. Collected from Amazon Japan product page/source. Price converted from JPY to VND; stock is a placeholder.,16508000,,25,https://images-na.ssl-images-amazon.com/images/P/B0DZ7WHC6K.01.LZZZZZZZ.jpg,https://images-na.ssl-images-amazon.com/images/P/B0DZ7WHC6K.02.LZZZZZZZ.jpg|https://images-na.ssl-images-amazon.com/images/P/B0DZ7WHC6K.03.LZZZZZZZ.jpg|https://images-na.ssl-images-amazon.com/images/P/B0DZ7WHC6K.04.LZZZZZZZ.jpg|https://images-na.ssl-images-amazon.com/images/P/B0DZ7WHC6K.05.LZZZZZZZ.jpg|https://images-na.ssl-images-amazon.com/images/P/B0DZ7WHC6K.06.LZZZZZZZ.jpg,6,1,may-tinh-bang,apple,Amazon Japan,https://www.amazon.co.jp/dp/B0DZ7WHC6K,98800,JPY,1 JPY = 167.08 VND
,Apple iPad Air M2 11 Wi-Fi 256GB,apple-ipad-air-m2-11-wi-fi-256gb-07,Apple iPad Air M2 11-inch Wi-Fi 256GB listed on Amazon Japan.,Apple iPad Air M2 11-inch Wi-Fi 256GB listed on Amazon Japan. Collected from Amazon Japan product page/source. Price converted from JPY to VND; stock is a placeholder.,16222000,,26,https://images-na.ssl-images-amazon.com/images/P/B0D3J71TVW.01.LZZZZZZZ.jpg,https://images-na.ssl-images-amazon.com/images/P/B0D3J71TVW.02.LZZZZZZZ.jpg|https://images-na.ssl-images-amazon.com/images/P/B0D3J71TVW.03.LZZZZZZZ.jpg|https://images-na.ssl-images-amazon.com/images/P/B0D3J71TVW.04.LZZZZZZZ.jpg|https://images-na.ssl-images-amazon.com/images/P/B0D3J71TVW.05.LZZZZZZZ.jpg|https://images-na.ssl-images-amazon.com/images/P/B0D3J71TVW.06.LZZZZZZZ.jpg,7,1,may-tinh-bang,apple,Amazon Japan,https://www.amazon.co.jp/dp/B0D3J71TVW,97091,JPY,1 JPY = 167.08 VND
,Apple iPad A16 11 Wi-Fi 128GB Yellow,apple-ipad-a16-11-wi-fi-128gb-yellow-08,Apple 11-inch iPad A16 Wi-Fi 128GB yellow model.,Apple 11-inch iPad A16 Wi-Fi 128GB yellow model. Collected from Amazon Japan product page/source. Price converted from JPY to VND; stock is a placeholder.,9824000,,27,https://images-na.ssl-images-amazon.com/images/P/B0DZ7WF87P.01.LZZZZZZZ.jpg,https://images-na.ssl-images-amazon.com/images/P/B0DZ7WF87P.02.LZZZZZZZ.jpg|https://images-na.ssl-images-amazon.com/images/P/B0DZ7WF87P.03.LZZZZZZZ.jpg|https://images-na.ssl-images-amazon.com/images/P/B0DZ7WF87P.04.LZZZZZZZ.jpg|https://images-na.ssl-images-amazon.com/images/P/B0DZ7WF87P.05.LZZZZZZZ.jpg|https://images-na.ssl-images-amazon.com/images/P/B0DZ7WF87P.06.LZZZZZZZ.jpg,8,1,may-tinh-bang,apple,Amazon Japan,https://www.amazon.co.jp/dp/B0DZ7WF87P,58800,JPY,1 JPY = 167.08 VND
,Galaxy Tab A9 Plus Wi-Fi 64GB Graphite,galaxy-tab-a9-plus-wi-fi-64gb-graphite-09,"Samsung Galaxy Tab A9 Plus Wi-Fi tablet, 64GB graphite.","Samsung Galaxy Tab A9 Plus Wi-Fi tablet, 64GB graphite. Collected from Amazon Japan product page/source. Price converted from JPY to VND; stock is a placeholder.",5029000,,28,https://images-na.ssl-images-amazon.com/images/P/B0CKKK44GN.01.LZZZZZZZ.jpg,https://images-na.ssl-images-amazon.com/images/P/B0CKKK44GN.02.LZZZZZZZ.jpg|https://images-na.ssl-images-amazon.com/images/P/B0CKKK44GN.03.LZZZZZZZ.jpg|https://images-na.ssl-images-amazon.com/images/P/B0CKKK44GN.04.LZZZZZZZ.jpg|https://images-na.ssl-images-amazon.com/images/P/B0CKKK44GN.05.LZZZZZZZ.jpg|https://images-na.ssl-images-amazon.com/images/P/B0CKKK44GN.06.LZZZZZZZ.jpg,9,1,may-tinh-bang,samsung,Amazon Japan,https://www.amazon.co.jp/dp/B0CKKK44GN,30100,JPY,1 JPY = 167.08 VND
,Apple AirTag 1 Pack,apple-airtag-1-pack-10,Apple AirTag single pack from Amazon Japan.,Apple AirTag single pack from Amazon Japan. Collected from Amazon Japan product page/source. Price converted from JPY to VND; stock is a placeholder.,798000,,29,https://images-na.ssl-images-amazon.com/images/P/B0932QJ2JZ.01.LZZZZZZZ.jpg,https://images-na.ssl-images-amazon.com/images/P/B0932QJ2JZ.02.LZZZZZZZ.jpg|https://images-na.ssl-images-amazon.com/images/P/B0932QJ2JZ.03.LZZZZZZZ.jpg|https://images-na.ssl-images-amazon.com/images/P/B0932QJ2JZ.04.LZZZZZZZ.jpg|https://images-na.ssl-images-amazon.com/images/P/B0932QJ2JZ.05.LZZZZZZZ.jpg|https://images-na.ssl-images-amazon.com/images/P/B0932QJ2JZ.06.LZZZZZZZ.jpg,10,1,phu-kien,apple,Amazon Japan,https://www.amazon.co.jp/dp/B0932QJ2JZ,4779,JPY,1 JPY = 167.08 VND
,Logicool MX Anywhere 3S Wireless Mouse,logicool-mx-anywhere-3s-wireless-mouse-11,Logicool MX Anywhere 3S compact wireless mouse.,Logicool MX Anywhere 3S compact wireless mouse. Collected from Amazon Japan product page/source. Price converted from JPY to VND; stock is a placeholder.,2286000,,30,https://images-na.ssl-images-amazon.com/images/P/B0C65MQZ65.01.LZZZZZZZ.jpg,https://images-na.ssl-images-amazon.com/images/P/B0C65MQZ65.02.LZZZZZZZ.jpg|https://images-na.ssl-images-amazon.com/images/P/B0C65MQZ65.03.LZZZZZZZ.jpg|https://images-na.ssl-images-amazon.com/images/P/B0C65MQZ65.04.LZZZZZZZ.jpg|https://images-na.ssl-images-amazon.com/images/P/B0C65MQZ65.05.LZZZZZZZ.jpg|https://images-na.ssl-images-amazon.com/images/P/B0C65MQZ65.06.LZZZZZZZ.jpg,11,1,phu-kien,logitech,Amazon Japan,https://www.amazon.co.jp/dp/B0C65MQZ65,13680,JPY,1 JPY = 167.08 VND
,Xiaomi Smart Band 9 Arctic Blue,xiaomi-smart-band-9-arctic-blue-12,Xiaomi Smart Band 9 fitness tracker in Arctic Blue.,Xiaomi Smart Band 9 fitness tracker in Arctic Blue. Collected from Amazon Japan product page/source. Price converted from JPY to VND; stock is a placeholder.,916000,,31,https://images-na.ssl-images-amazon.com/images/P/B0D98DMX2H.01.LZZZZZZZ.jpg,https://images-na.ssl-images-amazon.com/images/P/B0D98DMX2H.02.LZZZZZZZ.jpg|https://images-na.ssl-images-amazon.com/images/P/B0D98DMX2H.03.LZZZZZZZ.jpg|https://images-na.ssl-images-amazon.com/images/P/B0D98DMX2H.04.LZZZZZZZ.jpg|https://images-na.ssl-images-amazon.com/images/P/B0D98DMX2H.05.LZZZZZZZ.jpg|https://images-na.ssl-images-amazon.com/images/P/B0D98DMX2H.06.LZZZZZZZ.jpg,12,1,dong-ho-thong-minh,xiaomi,Amazon Japan,https://www.amazon.co.jp/dp/B0D98DMX2H,5480,JPY,1 JPY = 167.08 VND
,Xiaomi Smart Band 9 Pro Black,xiaomi-smart-band-9-pro-black-13,Xiaomi Smart Band 9 Pro wearable band.,Xiaomi Smart Band 9 Pro wearable band. Collected from Amazon Japan product page/source. Price converted from JPY to VND; stock is a placeholder.,1551000,,32,https://images-na.ssl-images-amazon.com/images/P/B0DK71CTCK.01.LZZZZZZZ.jpg,https://images-na.ssl-images-amazon.com/images/P/B0DK71CTCK.02.LZZZZZZZ.jpg|https://images-na.ssl-images-amazon.com/images/P/B0DK71CTCK.03.LZZZZZZZ.jpg|https://images-na.ssl-images-amazon.com/images/P/B0DK71CTCK.04.LZZZZZZZ.jpg|https://images-na.ssl-images-amazon.com/images/P/B0DK71CTCK.05.LZZZZZZZ.jpg|https://images-na.ssl-images-amazon.com/images/P/B0DK71CTCK.06.LZZZZZZZ.jpg,13,1,dong-ho-thong-minh,xiaomi,Amazon Japan,https://www.amazon.co.jp/dp/B0DK71CTCK,9280,JPY,1 JPY = 167.08 VND
,Sony WH-1000XM6 Wireless Headphones Black,sony-wh-1000xm6-wireless-headphones-black-14,Sony WH-1000XM6 wireless noise cancelling headphones.,Sony WH-1000XM6 wireless noise cancelling headphones. Collected from Amazon Japan product page/source. Price converted from JPY to VND; stock is a placeholder.,10025000,,33,https://images-na.ssl-images-amazon.com/images/P/B0F77PMC1P.01.LZZZZZZZ.jpg,https://images-na.ssl-images-amazon.com/images/P/B0F77PMC1P.02.LZZZZZZZ.jpg|https://images-na.ssl-images-amazon.com/images/P/B0F77PMC1P.03.LZZZZZZZ.jpg|https://images-na.ssl-images-amazon.com/images/P/B0F77PMC1P.04.LZZZZZZZ.jpg|https://images-na.ssl-images-amazon.com/images/P/B0F77PMC1P.05.LZZZZZZZ.jpg|https://images-na.ssl-images-amazon.com/images/P/B0F77PMC1P.06.LZZZZZZZ.jpg,14,1,tai-nghe,sony,Amazon Japan,https://www.amazon.co.jp/dp/B0F77PMC1P,60000,JPY,1 JPY = 167.08 VND
,Sony WF-1000XM5 Wireless Earbuds Black,sony-wf-1000xm5-wireless-earbuds-black-15,Sony WF-1000XM5 wireless noise cancelling earbuds.,Sony WF-1000XM5 wireless noise cancelling earbuds. Collected from Amazon Japan product page/source. Price converted from JPY to VND; stock is a placeholder.,6650000,,34,https://images-na.ssl-images-amazon.com/images/P/B0CBKQZXT7.01.LZZZZZZZ.jpg,https://images-na.ssl-images-amazon.com/images/P/B0CBKQZXT7.02.LZZZZZZZ.jpg|https://images-na.ssl-images-amazon.com/images/P/B0CBKQZXT7.03.LZZZZZZZ.jpg|https://images-na.ssl-images-amazon.com/images/P/B0CBKQZXT7.04.LZZZZZZZ.jpg|https://images-na.ssl-images-amazon.com/images/P/B0CBKQZXT7.05.LZZZZZZZ.jpg|https://images-na.ssl-images-amazon.com/images/P/B0CBKQZXT7.06.LZZZZZZZ.jpg,15,1,tai-nghe,sony,Amazon Japan,https://www.amazon.co.jp/dp/B0CBKQZXT7,39800,JPY,1 JPY = 167.08 VND
,Sony WF-C500 Truly Wireless Earbuds Green,sony-wf-c500-truly-wireless-earbuds-green-16,Sony WF-C500 truly wireless earbuds.,Sony WF-C500 truly wireless earbuds. Collected from Amazon Japan product page/source. Price converted from JPY to VND; stock is a placeholder.,910000,,35,https://images-na.ssl-images-amazon.com/images/P/B09GK8FS94.01.LZZZZZZZ.jpg,https://images-na.ssl-images-amazon.com/images/P/B09GK8FS94.02.LZZZZZZZ.jpg|https://images-na.ssl-images-amazon.com/images/P/B09GK8FS94.03.LZZZZZZZ.jpg|https://images-na.ssl-images-amazon.com/images/P/B09GK8FS94.04.LZZZZZZZ.jpg|https://images-na.ssl-images-amazon.com/images/P/B09GK8FS94.05.LZZZZZZZ.jpg|https://images-na.ssl-images-amazon.com/images/P/B09GK8FS94.06.LZZZZZZZ.jpg,16,1,tai-nghe,sony,Amazon Japan,https://www.amazon.co.jp/dp/B09GK8FS94,5444,JPY,1 JPY = 167.08 VND
,Apple AirPods Pro 2 USB-C,apple-airpods-pro-2-usb-c-17,Apple AirPods Pro second generation with USB-C charging case.,Apple AirPods Pro second generation with USB-C charging case. Collected from Amazon Japan product page/source. Price converted from JPY to VND; stock is a placeholder.,6381000,,36,https://images-na.ssl-images-amazon.com/images/P/B0CHXVBQHR.01.LZZZZZZZ.jpg,https://images-na.ssl-images-amazon.com/images/P/B0CHXVBQHR.02.LZZZZZZZ.jpg|https://images-na.ssl-images-amazon.com/images/P/B0CHXVBQHR.03.LZZZZZZZ.jpg|https://images-na.ssl-images-amazon.com/images/P/B0CHXVBQHR.04.LZZZZZZZ.jpg|https://images-na.ssl-images-amazon.com/images/P/B0CHXVBQHR.05.LZZZZZZZ.jpg|https://images-na.ssl-images-amazon.com/images/P/B0CHXVBQHR.06.LZZZZZZZ.jpg,17,1,tai-nghe,apple,Amazon Japan,https://www.amazon.co.jp/dp/B0CHXVBQHR,38192,JPY,1 JPY = 167.08 VND
,Sony Alpha 7 III Mirrorless Camera Body,sony-alpha-7-iii-mirrorless-camera-body-18,Sony Alpha 7 III full-frame mirrorless camera body.,Sony Alpha 7 III full-frame mirrorless camera body. Collected from Amazon Japan product page/source. Price converted from JPY to VND; stock is a placeholder.,34920000,,37,https://images-na.ssl-images-amazon.com/images/P/B07B49TM91.01.LZZZZZZZ.jpg,https://images-na.ssl-images-amazon.com/images/P/B07B49TM91.02.LZZZZZZZ.jpg|https://images-na.ssl-images-amazon.com/images/P/B07B49TM91.03.LZZZZZZZ.jpg|https://images-na.ssl-images-amazon.com/images/P/B07B49TM91.04.LZZZZZZZ.jpg|https://images-na.ssl-images-amazon.com/images/P/B07B49TM91.05.LZZZZZZZ.jpg|https://images-na.ssl-images-amazon.com/images/P/B07B49TM91.06.LZZZZZZZ.jpg,18,1,camera,sony,Amazon Japan,https://www.amazon.co.jp/dp/B07B49TM91,209000,JPY,1 JPY = 167.08 VND
,Sony VLOGCAM ZV-E10M2 Lens Kit Black,sony-vlogcam-zv-e10m2-lens-kit-black-19,Sony VLOGCAM ZV-E10M2 lens kit black model.,Sony VLOGCAM ZV-E10M2 lens kit black model. Collected from Amazon Japan product page/source. Price converted from JPY to VND; stock is a placeholder.,23773000,,38,https://images-na.ssl-images-amazon.com/images/P/B0F6YBTB4M.01.LZZZZZZZ.jpg,https://images-na.ssl-images-amazon.com/images/P/B0F6YBTB4M.02.LZZZZZZZ.jpg|https://images-na.ssl-images-amazon.com/images/P/B0F6YBTB4M.03.LZZZZZZZ.jpg|https://images-na.ssl-images-amazon.com/images/P/B0F6YBTB4M.04.LZZZZZZZ.jpg|https://images-na.ssl-images-amazon.com/images/P/B0F6YBTB4M.05.LZZZZZZZ.jpg|https://images-na.ssl-images-amazon.com/images/P/B0F6YBTB4M.06.LZZZZZZZ.jpg,19,1,camera,sony,Amazon Japan,https://www.amazon.co.jp/dp/B0F6YBTB4M,142283,JPY,1 JPY = 167.08 VND
,Nikon Z30 Double Zoom Kit Black,nikon-z30-double-zoom-kit-black-20,Nikon Z30 double zoom kit mirrorless camera.,Nikon Z30 double zoom kit mirrorless camera. Collected from Amazon Japan product page/source. Price converted from JPY to VND; stock is a placeholder.,22252000,,39,https://images-na.ssl-images-amazon.com/images/P/B0B5CSMSXC.01.LZZZZZZZ.jpg,https://images-na.ssl-images-amazon.com/images/P/B0B5CSMSXC.02.LZZZZZZZ.jpg|https://images-na.ssl-images-amazon.com/images/P/B0B5CSMSXC.03.LZZZZZZZ.jpg|https://images-na.ssl-images-amazon.com/images/P/B0B5CSMSXC.04.LZZZZZZZ.jpg|https://images-na.ssl-images-amazon.com/images/P/B0B5CSMSXC.05.LZZZZZZZ.jpg|https://images-na.ssl-images-amazon.com/images/P/B0B5CSMSXC.06.LZZZZZZZ.jpg,20,1,camera,,Amazon Japan,https://www.amazon.co.jp/dp/B0B5CSMSXC,133180,JPY,1 JPY = 167.08 VND
,Kodak PIXPRO FZ55 Black,kodak-pixpro-fz55-black-21,Kodak PIXPRO FZ55 compact digital camera black.,Kodak PIXPRO FZ55 compact digital camera black. Collected from Amazon Japan product page/source. Price converted from JPY to VND; stock is a placeholder.,3893000,,40,https://images-na.ssl-images-amazon.com/images/P/B09ZRN1N3Z.01.LZZZZZZZ.jpg,https://images-na.ssl-images-amazon.com/images/P/B09ZRN1N3Z.02.LZZZZZZZ.jpg|https://images-na.ssl-images-amazon.com/images/P/B09ZRN1N3Z.03.LZZZZZZZ.jpg|https://images-na.ssl-images-amazon.com/images/P/B09ZRN1N3Z.04.LZZZZZZZ.jpg|https://images-na.ssl-images-amazon.com/images/P/B09ZRN1N3Z.05.LZZZZZZZ.jpg|https://images-na.ssl-images-amazon.com/images/P/B09ZRN1N3Z.06.LZZZZZZZ.jpg,21,1,camera,,Amazon Japan,https://www.amazon.co.jp/dp/B09ZRN1N3Z,23299,JPY,1 JPY = 167.08 VND
,TP-Link Archer AX73 Wi-Fi 6 Router,tp-link-archer-ax73-wi-fi-6-router-22,TP-Link Archer AX73 AX5400 Wi-Fi 6 router.,TP-Link Archer AX73 AX5400 Wi-Fi 6 router. Collected from Amazon Japan product page/source. Price converted from JPY to VND; stock is a placeholder.,3890000,,41,https://images-na.ssl-images-amazon.com/images/P/B08RDHHS6Z.01.LZZZZZZZ.jpg,https://images-na.ssl-images-amazon.com/images/P/B08RDHHS6Z.02.LZZZZZZZ.jpg|https://images-na.ssl-images-amazon.com/images/P/B08RDHHS6Z.03.LZZZZZZZ.jpg|https://images-na.ssl-images-amazon.com/images/P/B08RDHHS6Z.04.LZZZZZZZ.jpg|https://images-na.ssl-images-amazon.com/images/P/B08RDHHS6Z.05.LZZZZZZZ.jpg|https://images-na.ssl-images-amazon.com/images/P/B08RDHHS6Z.06.LZZZZZZZ.jpg,22,1,thiet-bi-mang,,Amazon Japan,https://www.amazon.co.jp/dp/B08RDHHS6Z,23280,JPY,1 JPY = 167.08 VND
,TP-Link Archer AX73V Wi-Fi 6 Router,tp-link-archer-ax73v-wi-fi-6-router-23,TP-Link Archer AX73V Amazon Japan limited Wi-Fi 6 router.,TP-Link Archer AX73V Amazon Japan limited Wi-Fi 6 router. Collected from Amazon Japan product page/source. Price converted from JPY to VND; stock is a placeholder.,1972000,,42,https://images-na.ssl-images-amazon.com/images/P/B0C9PZBQVJ.01.LZZZZZZZ.jpg,https://images-na.ssl-images-amazon.com/images/P/B0C9PZBQVJ.02.LZZZZZZZ.jpg|https://images-na.ssl-images-amazon.com/images/P/B0C9PZBQVJ.03.LZZZZZZZ.jpg|https://images-na.ssl-images-amazon.com/images/P/B0C9PZBQVJ.04.LZZZZZZZ.jpg|https://images-na.ssl-images-amazon.com/images/P/B0C9PZBQVJ.05.LZZZZZZZ.jpg|https://images-na.ssl-images-amazon.com/images/P/B0C9PZBQVJ.06.LZZZZZZZ.jpg,23,1,thiet-bi-mang,,Amazon Japan,https://www.amazon.co.jp/dp/B0C9PZBQVJ,11800,JPY,1 JPY = 167.08 VND
,Buffalo WSR-5400AX6P Wi-Fi 6 Router,buffalo-wsr-5400ax6p-wi-fi-6-router-24,Buffalo Wi-Fi 6 wireless LAN router.,Buffalo Wi-Fi 6 wireless LAN router. Collected from Amazon Japan product page/source. Price converted from JPY to VND; stock is a placeholder.,2553000,,43,https://images-na.ssl-images-amazon.com/images/P/B0CB8N3K8C.01.LZZZZZZZ.jpg,https://images-na.ssl-images-amazon.com/images/P/B0CB8N3K8C.02.LZZZZZZZ.jpg|https://images-na.ssl-images-amazon.com/images/P/B0CB8N3K8C.03.LZZZZZZZ.jpg|https://images-na.ssl-images-amazon.com/images/P/B0CB8N3K8C.04.LZZZZZZZ.jpg|https://images-na.ssl-images-amazon.com/images/P/B0CB8N3K8C.05.LZZZZZZZ.jpg|https://images-na.ssl-images-amazon.com/images/P/B0CB8N3K8C.06.LZZZZZZZ.jpg,24,1,thiet-bi-mang,,Amazon Japan,https://www.amazon.co.jp/dp/B0CB8N3K8C,15280,JPY,1 JPY = 167.08 VND
,Samsung microSD Express Card 256GB,samsung-microsd-express-card-256gb-25,Samsung 256GB microSD Express memory card.,Samsung 256GB microSD Express memory card. Collected from Amazon Japan product page/source. Price converted from JPY to VND; stock is a placeholder.,1584000,,44,https://images-na.ssl-images-amazon.com/images/P/B0F54H8XRK.01.LZZZZZZZ.jpg,https://images-na.ssl-images-amazon.com/images/P/B0F54H8XRK.02.LZZZZZZZ.jpg|https://images-na.ssl-images-amazon.com/images/P/B0F54H8XRK.03.LZZZZZZZ.jpg|https://images-na.ssl-images-amazon.com/images/P/B0F54H8XRK.04.LZZZZZZZ.jpg|https://images-na.ssl-images-amazon.com/images/P/B0F54H8XRK.05.LZZZZZZZ.jpg|https://images-na.ssl-images-amazon.com/images/P/B0F54H8XRK.06.LZZZZZZZ.jpg,25,1,phu-kien,samsung,Amazon Japan,https://www.amazon.co.jp/dp/B0F54H8XRK,9480,JPY,1 JPY = 167.08 VND
,DHC Multi Vitamin 90 Day,dhc-multi-vitamin-90-day-26,DHC multivitamin 90-day value pack.,DHC multivitamin 90-day value pack. Collected from Amazon Japan product page/source. Price converted from JPY to VND; stock is a placeholder.,154000,,45,https://images-na.ssl-images-amazon.com/images/P/B00GX1E3R6.01.LZZZZZZZ.jpg,https://images-na.ssl-images-amazon.com/images/P/B00GX1E3R6.02.LZZZZZZZ.jpg|https://images-na.ssl-images-amazon.com/images/P/B00GX1E3R6.03.LZZZZZZZ.jpg|https://images-na.ssl-images-amazon.com/images/P/B00GX1E3R6.04.LZZZZZZZ.jpg|https://images-na.ssl-images-amazon.com/images/P/B00GX1E3R6.05.LZZZZZZZ.jpg|https://images-na.ssl-images-amazon.com/images/P/B00GX1E3R6.06.LZZZZZZZ.jpg,26,1,thuc-pham-bo-sung,,Amazon Japan,https://www.amazon.co.jp/dp/B00GX1E3R6,921,JPY,1 JPY = 167.08 VND
,DHC Vitamin C 60 Day Set of 3,dhc-vitamin-c-60-day-set-of-3-27,"DHC Vitamin C 60-day supply, set of three packs.","DHC Vitamin C 60-day supply, set of three packs. Collected from Amazon Japan product page/source. Price converted from JPY to VND; stock is a placeholder.",207000,,46,https://images-na.ssl-images-amazon.com/images/P/B00P2BSW8E.01.LZZZZZZZ.jpg,https://images-na.ssl-images-amazon.com/images/P/B00P2BSW8E.02.LZZZZZZZ.jpg|https://images-na.ssl-images-amazon.com/images/P/B00P2BSW8E.03.LZZZZZZZ.jpg|https://images-na.ssl-images-amazon.com/images/P/B00P2BSW8E.04.LZZZZZZZ.jpg|https://images-na.ssl-images-amazon.com/images/P/B00P2BSW8E.05.LZZZZZZZ.jpg|https://images-na.ssl-images-amazon.com/images/P/B00P2BSW8E.06.LZZZZZZZ.jpg,27,1,thuc-pham-bo-sung,,Amazon Japan,https://www.amazon.co.jp/dp/B00P2BSW8E,1239,JPY,1 JPY = 167.08 VND
,DHC Natural Vitamin E Soy 90 Day,dhc-natural-vitamin-e-soy-90-day-28,DHC natural vitamin E soy 90-day supplement.,DHC natural vitamin E soy 90-day supplement. Collected from Amazon Japan product page/source. Price converted from JPY to VND; stock is a placeholder.,199000,,47,https://images-na.ssl-images-amazon.com/images/P/B01NAAVGN0.01.LZZZZZZZ.jpg,https://images-na.ssl-images-amazon.com/images/P/B01NAAVGN0.02.LZZZZZZZ.jpg|https://images-na.ssl-images-amazon.com/images/P/B01NAAVGN0.03.LZZZZZZZ.jpg|https://images-na.ssl-images-amazon.com/images/P/B01NAAVGN0.04.LZZZZZZZ.jpg|https://images-na.ssl-images-amazon.com/images/P/B01NAAVGN0.05.LZZZZZZZ.jpg|https://images-na.ssl-images-amazon.com/images/P/B01NAAVGN0.06.LZZZZZZZ.jpg,28,1,thuc-pham-bo-sung,,Amazon Japan,https://www.amazon.co.jp/dp/B01NAAVGN0,1189,JPY,1 JPY = 167.08 VND
,Nature Made Super Vitamin D 1000 IU 90 Day,nature-made-super-vitamin-d-1000-iu-90-day-29,"Nature Made Super Vitamin D 1000 IU, 90 tablets.","Nature Made Super Vitamin D 1000 IU, 90 tablets. Collected from Amazon Japan product page/source. Price converted from JPY to VND; stock is a placeholder.",133000,,48,https://images-na.ssl-images-amazon.com/images/P/B009OB2FVS.01.LZZZZZZZ.jpg,https://images-na.ssl-images-amazon.com/images/P/B009OB2FVS.02.LZZZZZZZ.jpg|https://images-na.ssl-images-amazon.com/images/P/B009OB2FVS.03.LZZZZZZZ.jpg|https://images-na.ssl-images-amazon.com/images/P/B009OB2FVS.04.LZZZZZZZ.jpg|https://images-na.ssl-images-amazon.com/images/P/B009OB2FVS.05.LZZZZZZZ.jpg|https://images-na.ssl-images-amazon.com/images/P/B009OB2FVS.06.LZZZZZZZ.jpg,29,1,thuc-pham-bo-sung,,Amazon Japan,https://www.amazon.co.jp/dp/B009OB2FVS,795,JPY,1 JPY = 167.08 VND
,Dear Natura Style Multi Vitamin 90 Day,dear-natura-style-multi-vitamin-90-day-30,Dear Natura Style multivitamin 90-day pouch.,Dear Natura Style multivitamin 90-day pouch. Collected from Amazon Japan product page/source. Price converted from JPY to VND; stock is a placeholder.,187000,,49,https://images-na.ssl-images-amazon.com/images/P/B0BK7X8FV5.01.LZZZZZZZ.jpg,https://images-na.ssl-images-amazon.com/images/P/B0BK7X8FV5.02.LZZZZZZZ.jpg|https://images-na.ssl-images-amazon.com/images/P/B0BK7X8FV5.03.LZZZZZZZ.jpg|https://images-na.ssl-images-amazon.com/images/P/B0BK7X8FV5.04.LZZZZZZZ.jpg|https://images-na.ssl-images-amazon.com/images/P/B0BK7X8FV5.05.LZZZZZZZ.jpg|https://images-na.ssl-images-amazon.com/images/P/B0BK7X8FV5.06.LZZZZZZZ.jpg,30,1,thuc-pham-bo-sung,,Amazon Japan,https://www.amazon.co.jp/dp/B0BK7X8FV5,1120,JPY,1 JPY = 167.08 VND
,DHC GABA 30 Day,dhc-gaba-30-day-31,DHC GABA 30-day amino acid supplement.,DHC GABA 30-day amino acid supplement. Collected from Amazon Japan product page/source. Price converted from JPY to VND; stock is a placeholder.,166000,,20,https://images-na.ssl-images-amazon.com/images/P/B074CRBLWT.01.LZZZZZZZ.jpg,https://images-na.ssl-images-amazon.com/images/P/B074CRBLWT.02.LZZZZZZZ.jpg|https://images-na.ssl-images-amazon.com/images/P/B074CRBLWT.03.LZZZZZZZ.jpg|https://images-na.ssl-images-amazon.com/images/P/B074CRBLWT.04.LZZZZZZZ.jpg|https://images-na.ssl-images-amazon.com/images/P/B074CRBLWT.05.LZZZZZZZ.jpg|https://images-na.ssl-images-amazon.com/images/P/B074CRBLWT.06.LZZZZZZZ.jpg,31,1,thuc-pham-bo-sung,,Amazon Japan,https://www.amazon.co.jp/dp/B074CRBLWT,991,JPY,1 JPY = 167.08 VND
,DHC Force Collie 30 Day,dhc-force-collie-30-day-32,DHC Force Collie 30-day diet support supplement.,DHC Force Collie 30-day diet support supplement. Collected from Amazon Japan product page/source. Price converted from JPY to VND; stock is a placeholder.,434000,,21,https://images-na.ssl-images-amazon.com/images/P/B004BRU0NK.01.LZZZZZZZ.jpg,https://images-na.ssl-images-amazon.com/images/P/B004BRU0NK.02.LZZZZZZZ.jpg|https://images-na.ssl-images-amazon.com/images/P/B004BRU0NK.03.LZZZZZZZ.jpg|https://images-na.ssl-images-amazon.com/images/P/B004BRU0NK.04.LZZZZZZZ.jpg|https://images-na.ssl-images-amazon.com/images/P/B004BRU0NK.05.LZZZZZZZ.jpg|https://images-na.ssl-images-amazon.com/images/P/B004BRU0NK.06.LZZZZZZZ.jpg,32,1,thuc-pham-bo-sung,,Amazon Japan,https://www.amazon.co.jp/dp/B004BRU0NK,2598,JPY,1 JPY = 167.08 VND
,DHC Diet Power 30 Day,dhc-diet-power-30-day-33,DHC Diet Power 30-day supplement.,DHC Diet Power 30-day supplement. Collected from Amazon Japan product page/source. Price converted from JPY to VND; stock is a placeholder.,249000,,22,https://images-na.ssl-images-amazon.com/images/P/B004BRSBVS.01.LZZZZZZZ.jpg,https://images-na.ssl-images-amazon.com/images/P/B004BRSBVS.02.LZZZZZZZ.jpg|https://images-na.ssl-images-amazon.com/images/P/B004BRSBVS.03.LZZZZZZZ.jpg|https://images-na.ssl-images-amazon.com/images/P/B004BRSBVS.04.LZZZZZZZ.jpg|https://images-na.ssl-images-amazon.com/images/P/B004BRSBVS.05.LZZZZZZZ.jpg|https://images-na.ssl-images-amazon.com/images/P/B004BRSBVS.06.LZZZZZZZ.jpg,33,1,thuc-pham-bo-sung,,Amazon Japan,https://www.amazon.co.jp/dp/B004BRSBVS,1488,JPY,1 JPY = 167.08 VND
,DHC Calcium Magnesium 90 Day,dhc-calcium-magnesium-90-day-34,DHC calcium and magnesium 90-day supplement.,DHC calcium and magnesium 90-day supplement. Collected from Amazon Japan product page/source. Price converted from JPY to VND; stock is a placeholder.,191000,,23,https://images-na.ssl-images-amazon.com/images/P/B06XW1TNBX.01.LZZZZZZZ.jpg,https://images-na.ssl-images-amazon.com/images/P/B06XW1TNBX.02.LZZZZZZZ.jpg|https://images-na.ssl-images-amazon.com/images/P/B06XW1TNBX.03.LZZZZZZZ.jpg|https://images-na.ssl-images-amazon.com/images/P/B06XW1TNBX.04.LZZZZZZZ.jpg|https://images-na.ssl-images-amazon.com/images/P/B06XW1TNBX.05.LZZZZZZZ.jpg|https://images-na.ssl-images-amazon.com/images/P/B06XW1TNBX.06.LZZZZZZZ.jpg,34,1,thuc-pham-bo-sung,,Amazon Japan,https://www.amazon.co.jp/dp/B06XW1TNBX,1145,JPY,1 JPY = 167.08 VND
,DHC Vitamin B Mix 60 Day,dhc-vitamin-b-mix-60-day-35,DHC Vitamin B Mix 60-day supplement.,DHC Vitamin B Mix 60-day supplement. Collected from Amazon Japan product page/source. Price converted from JPY to VND; stock is a placeholder.,127000,,24,https://images-na.ssl-images-amazon.com/images/P/B00871DQKA.01.LZZZZZZZ.jpg,https://images-na.ssl-images-amazon.com/images/P/B00871DQKA.02.LZZZZZZZ.jpg|https://images-na.ssl-images-amazon.com/images/P/B00871DQKA.03.LZZZZZZZ.jpg|https://images-na.ssl-images-amazon.com/images/P/B00871DQKA.04.LZZZZZZZ.jpg|https://images-na.ssl-images-amazon.com/images/P/B00871DQKA.05.LZZZZZZZ.jpg|https://images-na.ssl-images-amazon.com/images/P/B00871DQKA.06.LZZZZZZZ.jpg,35,1,thuc-pham-bo-sung,,Amazon Japan,https://www.amazon.co.jp/dp/B00871DQKA,760,JPY,1 JPY = 167.08 VND
,UHA Gummy Supplement Multi Vitamin 30 Day,uha-gummy-supplement-multi-vitamin-30-day-36,"UHA gummy supplement multivitamin, grapefruit flavor.","UHA gummy supplement multivitamin, grapefruit flavor. Collected from Amazon Japan product page/source. Price converted from JPY to VND; stock is a placeholder.",164000,,25,https://images-na.ssl-images-amazon.com/images/P/B08Y655N98.01.LZZZZZZZ.jpg,https://images-na.ssl-images-amazon.com/images/P/B08Y655N98.02.LZZZZZZZ.jpg|https://images-na.ssl-images-amazon.com/images/P/B08Y655N98.03.LZZZZZZZ.jpg|https://images-na.ssl-images-amazon.com/images/P/B08Y655N98.04.LZZZZZZZ.jpg|https://images-na.ssl-images-amazon.com/images/P/B08Y655N98.05.LZZZZZZZ.jpg|https://images-na.ssl-images-amazon.com/images/P/B08Y655N98.06.LZZZZZZZ.jpg,36,1,thuc-pham-bo-sung,,Amazon Japan,https://www.amazon.co.jp/dp/B08Y655N98,980,JPY,1 JPY = 167.08 VND
,DHC Zinc 60 Day,dhc-zinc-60-day-37,DHC zinc 60-day supplement.,DHC zinc 60-day supplement. Collected from Amazon Japan product page/source. Price converted from JPY to VND; stock is a placeholder.,95000,,26,https://images-na.ssl-images-amazon.com/images/P/B006TQKWWA.01.LZZZZZZZ.jpg,https://images-na.ssl-images-amazon.com/images/P/B006TQKWWA.02.LZZZZZZZ.jpg|https://images-na.ssl-images-amazon.com/images/P/B006TQKWWA.03.LZZZZZZZ.jpg|https://images-na.ssl-images-amazon.com/images/P/B006TQKWWA.04.LZZZZZZZ.jpg|https://images-na.ssl-images-amazon.com/images/P/B006TQKWWA.05.LZZZZZZZ.jpg|https://images-na.ssl-images-amazon.com/images/P/B006TQKWWA.06.LZZZZZZZ.jpg,37,1,thuc-pham-bo-sung,,Amazon Japan,https://www.amazon.co.jp/dp/B006TQKWWA,569,JPY,1 JPY = 167.08 VND
,Lenovo IdeaPad Slim 5 Light Ryzen 5 16GB 512GB,lenovo-ideapad-slim-5-light-ryzen-5-16gb-512gb-38,Lenovo IdeaPad Slim 5 Light Ryzen 5 laptop with 16GB RAM and 512GB SSD.,Lenovo IdeaPad Slim 5 Light Ryzen 5 laptop with 16GB RAM and 512GB SSD. Collected from Amazon Japan product page/source. Price converted from JPY to VND; stock is a placeholder.,19515000,,27,https://images-na.ssl-images-amazon.com/images/P/B0DPJPWR99.01.LZZZZZZZ.jpg,https://images-na.ssl-images-amazon.com/images/P/B0DPJPWR99.02.LZZZZZZZ.jpg|https://images-na.ssl-images-amazon.com/images/P/B0DPJPWR99.03.LZZZZZZZ.jpg|https://images-na.ssl-images-amazon.com/images/P/B0DPJPWR99.04.LZZZZZZZ.jpg|https://images-na.ssl-images-amazon.com/images/P/B0DPJPWR99.05.LZZZZZZZ.jpg|https://images-na.ssl-images-amazon.com/images/P/B0DPJPWR99.06.LZZZZZZZ.jpg,38,1,laptop,,Amazon Japan,https://www.amazon.co.jp/dp/B0DPJPWR99,116800,JPY,1 JPY = 167.08 VND
,Xiaomi Redmi Pad SE 4GB 128GB Graphite Gray,xiaomi-redmi-pad-se-4gb-128gb-graphite-gray-39,"Xiaomi Redmi Pad SE 11-inch tablet, 4GB RAM and 128GB storage.","Xiaomi Redmi Pad SE 11-inch tablet, 4GB RAM and 128GB storage. Collected from Amazon Japan product page/source. Price converted from JPY to VND; stock is a placeholder.",3509000,,28,https://images-na.ssl-images-amazon.com/images/P/B0CGWYQPTM.01.LZZZZZZZ.jpg,https://images-na.ssl-images-amazon.com/images/P/B0CGWYQPTM.02.LZZZZZZZ.jpg|https://images-na.ssl-images-amazon.com/images/P/B0CGWYQPTM.03.LZZZZZZZ.jpg|https://images-na.ssl-images-amazon.com/images/P/B0CGWYQPTM.04.LZZZZZZZ.jpg|https://images-na.ssl-images-amazon.com/images/P/B0CGWYQPTM.05.LZZZZZZZ.jpg|https://images-na.ssl-images-amazon.com/images/P/B0CGWYQPTM.06.LZZZZZZZ.jpg,39,1,may-tinh-bang,xiaomi,Amazon Japan,https://www.amazon.co.jp/dp/B0CGWYQPTM,21000,JPY,1 JPY = 167.08 VND
,TP-Link Archer AX1500 Wi-Fi 6 Router,tp-link-archer-ax1500-wi-fi-6-router-40,TP-Link Archer AX1500 Wi-Fi 6 wireless router.,TP-Link Archer AX1500 Wi-Fi 6 wireless router. Collected from Amazon Japan product page/source. Price converted from JPY to VND; stock is a placeholder.,832000,,29,https://images-na.ssl-images-amazon.com/images/P/B0CHF2N3J6.01.LZZZZZZZ.jpg,https://images-na.ssl-images-amazon.com/images/P/B0CHF2N3J6.02.LZZZZZZZ.jpg|https://images-na.ssl-images-amazon.com/images/P/B0CHF2N3J6.03.LZZZZZZZ.jpg|https://images-na.ssl-images-amazon.com/images/P/B0CHF2N3J6.04.LZZZZZZZ.jpg|https://images-na.ssl-images-amazon.com/images/P/B0CHF2N3J6.05.LZZZZZZZ.jpg|https://images-na.ssl-images-amazon.com/images/P/B0CHF2N3J6.06.LZZZZZZZ.jpg,40,1,thiet-bi-mang,,Amazon Japan,https://www.amazon.co.jp/dp/B0CHF2N3J6,4980,JPY,1 JPY = 167.08 VND
,Samsung Galaxy Tab S9 Plus Wi-Fi 256GB Graphite,samsung-galaxy-tab-s9-plus-wi-fi-256gb-graphite-41,Samsung Galaxy Tab S9 Plus Wi-Fi model with 256GB storage.,Samsung Galaxy Tab S9 Plus Wi-Fi model with 256GB storage. Collected from Amazon Japan product page/source. Price converted from JPY to VND; stock is a placeholder.,26104000,,30,https://images-na.ssl-images-amazon.com/images/P/B0CF9Q9WM6.01.LZZZZZZZ.jpg,https://images-na.ssl-images-amazon.com/images/P/B0CF9Q9WM6.02.LZZZZZZZ.jpg|https://images-na.ssl-images-amazon.com/images/P/B0CF9Q9WM6.03.LZZZZZZZ.jpg|https://images-na.ssl-images-amazon.com/images/P/B0CF9Q9WM6.04.LZZZZZZZ.jpg|https://images-na.ssl-images-amazon.com/images/P/B0CF9Q9WM6.05.LZZZZZZZ.jpg|https://images-na.ssl-images-amazon.com/images/P/B0CF9Q9WM6.06.LZZZZZZZ.jpg,41,1,may-tinh-bang,samsung,Amazon Japan,https://www.amazon.co.jp/dp/B0CF9Q9WM6,156236,JPY,1 JPY = 167.08 VND
,Samsung Galaxy Tab S8 Plus 128GB Graphite,samsung-galaxy-tab-s8-plus-128gb-graphite-42,Samsung Galaxy Tab S8 Plus tablet with S Pen.,Samsung Galaxy Tab S8 Plus tablet with S Pen. Collected from Amazon Japan product page/source. Price converted from JPY to VND; stock is a placeholder.,19715000,,31,https://images-na.ssl-images-amazon.com/images/P/B09WDNDBJB.01.LZZZZZZZ.jpg,https://images-na.ssl-images-amazon.com/images/P/B09WDNDBJB.02.LZZZZZZZ.jpg|https://images-na.ssl-images-amazon.com/images/P/B09WDNDBJB.03.LZZZZZZZ.jpg|https://images-na.ssl-images-amazon.com/images/P/B09WDNDBJB.04.LZZZZZZZ.jpg|https://images-na.ssl-images-amazon.com/images/P/B09WDNDBJB.05.LZZZZZZZ.jpg|https://images-na.ssl-images-amazon.com/images/P/B09WDNDBJB.06.LZZZZZZZ.jpg,42,1,may-tinh-bang,samsung,Amazon Japan,https://www.amazon.co.jp/dp/B09WDNDBJB,118000,JPY,1 JPY = 167.08 VND
,DJI Osmo Mobile SE Smartphone Gimbal,dji-osmo-mobile-se-smartphone-gimbal-43,DJI Osmo Mobile SE smartphone gimbal stabilizer.,DJI Osmo Mobile SE smartphone gimbal stabilizer. Collected from Amazon Japan product page/source. Price converted from JPY to VND; stock is a placeholder.,1838000,,32,https://images-na.ssl-images-amazon.com/images/P/B0B7XCG225.01.LZZZZZZZ.jpg,https://images-na.ssl-images-amazon.com/images/P/B0B7XCG225.02.LZZZZZZZ.jpg|https://images-na.ssl-images-amazon.com/images/P/B0B7XCG225.03.LZZZZZZZ.jpg|https://images-na.ssl-images-amazon.com/images/P/B0B7XCG225.04.LZZZZZZZ.jpg|https://images-na.ssl-images-amazon.com/images/P/B0B7XCG225.05.LZZZZZZZ.jpg|https://images-na.ssl-images-amazon.com/images/P/B0B7XCG225.06.LZZZZZZZ.jpg,43,1,phu-kien,,Amazon Japan,https://www.amazon.co.jp/dp/B0B7XCG225,11000,JPY,1 JPY = 167.08 VND
,FUJIFILM X-T30 II XC Lens Kit Silver,fujifilm-x-t30-ii-xc-lens-kit-silver-44,FUJIFILM X-T30 II XC lens kit silver.,FUJIFILM X-T30 II XC lens kit silver. Collected from Amazon Japan product page/source. Price converted from JPY to VND; stock is a placeholder.,28370000,,33,https://images-na.ssl-images-amazon.com/images/P/B09DYLF28T.01.LZZZZZZZ.jpg,https://images-na.ssl-images-amazon.com/images/P/B09DYLF28T.02.LZZZZZZZ.jpg|https://images-na.ssl-images-amazon.com/images/P/B09DYLF28T.03.LZZZZZZZ.jpg|https://images-na.ssl-images-amazon.com/images/P/B09DYLF28T.04.LZZZZZZZ.jpg|https://images-na.ssl-images-amazon.com/images/P/B09DYLF28T.05.LZZZZZZZ.jpg|https://images-na.ssl-images-amazon.com/images/P/B09DYLF28T.06.LZZZZZZZ.jpg,44,1,camera,,Amazon Japan,https://www.amazon.co.jp/dp/B09DYLF28T,169800,JPY,1 JPY = 167.08 VND
,Canon IXY 650 Compact Digital Camera Black,canon-ixy-650-compact-digital-camera-black-45,Canon IXY 650 compact digital camera black.,Canon IXY 650 compact digital camera black. Collected from Amazon Japan product page/source. Price converted from JPY to VND; stock is a placeholder.,11662000,,34,https://images-na.ssl-images-amazon.com/images/P/B01FH4H5XS.01.LZZZZZZZ.jpg,https://images-na.ssl-images-amazon.com/images/P/B01FH4H5XS.02.LZZZZZZZ.jpg|https://images-na.ssl-images-amazon.com/images/P/B01FH4H5XS.03.LZZZZZZZ.jpg|https://images-na.ssl-images-amazon.com/images/P/B01FH4H5XS.04.LZZZZZZZ.jpg|https://images-na.ssl-images-amazon.com/images/P/B01FH4H5XS.05.LZZZZZZZ.jpg|https://images-na.ssl-images-amazon.com/images/P/B01FH4H5XS.06.LZZZZZZZ.jpg,45,1,camera,,Amazon Japan,https://www.amazon.co.jp/dp/B01FH4H5XS,69800,JPY,1 JPY = 167.08 VND
,Dear Natura Multi Vitamin and Mineral 200 Tablets,dear-natura-multi-vitamin-and-mineral-200-tablets-46,Dear Natura multivitamin and mineral 200-tablet supplement.,Dear Natura multivitamin and mineral 200-tablet supplement. Collected from Amazon Japan product page/source. Price converted from JPY to VND; stock is a placeholder.,158000,,35,https://images-na.ssl-images-amazon.com/images/P/B000QVX3U2.01.LZZZZZZZ.jpg,https://images-na.ssl-images-amazon.com/images/P/B000QVX3U2.02.LZZZZZZZ.jpg|https://images-na.ssl-images-amazon.com/images/P/B000QVX3U2.03.LZZZZZZZ.jpg|https://images-na.ssl-images-amazon.com/images/P/B000QVX3U2.04.LZZZZZZZ.jpg|https://images-na.ssl-images-amazon.com/images/P/B000QVX3U2.05.LZZZZZZZ.jpg|https://images-na.ssl-images-amazon.com/images/P/B000QVX3U2.06.LZZZZZZZ.jpg,46,1,thuc-pham-bo-sung,,Amazon Japan,https://www.amazon.co.jp/dp/B000QVX3U2,945,JPY,1 JPY = 167.08 VND
,UHA Gummy Supplement Kids Calcium Iron,uha-gummy-supplement-kids-calcium-iron-47,UHA gummy supplement kids calcium and iron.,UHA gummy supplement kids calcium and iron. Collected from Amazon Japan product page/source. Price converted from JPY to VND; stock is a placeholder.,164000,,36,https://images-na.ssl-images-amazon.com/images/P/B07Z4YVRCW.01.LZZZZZZZ.jpg,https://images-na.ssl-images-amazon.com/images/P/B07Z4YVRCW.02.LZZZZZZZ.jpg|https://images-na.ssl-images-amazon.com/images/P/B07Z4YVRCW.03.LZZZZZZZ.jpg|https://images-na.ssl-images-amazon.com/images/P/B07Z4YVRCW.04.LZZZZZZZ.jpg|https://images-na.ssl-images-amazon.com/images/P/B07Z4YVRCW.05.LZZZZZZZ.jpg|https://images-na.ssl-images-amazon.com/images/P/B07Z4YVRCW.06.LZZZZZZZ.jpg,47,1,thuc-pham-bo-sung,,Amazon Japan,https://www.amazon.co.jp/dp/B07Z4YVRCW,980,JPY,1 JPY = 167.08 VND
,Dear Natura Style EPA DHA Natto Kinase 90 Day,dear-natura-style-epa-dha-natto-kinase-90-day-48,Dear Natura Style EPA DHA plus nattokinase 90-day pouch.,Dear Natura Style EPA DHA plus nattokinase 90-day pouch. Collected from Amazon Japan product page/source. Price converted from JPY to VND; stock is a placeholder.,414000,,37,https://images-na.ssl-images-amazon.com/images/P/B08YFP2BVH.01.LZZZZZZZ.jpg,https://images-na.ssl-images-amazon.com/images/P/B08YFP2BVH.02.LZZZZZZZ.jpg|https://images-na.ssl-images-amazon.com/images/P/B08YFP2BVH.03.LZZZZZZZ.jpg|https://images-na.ssl-images-amazon.com/images/P/B08YFP2BVH.04.LZZZZZZZ.jpg|https://images-na.ssl-images-amazon.com/images/P/B08YFP2BVH.05.LZZZZZZZ.jpg|https://images-na.ssl-images-amazon.com/images/P/B08YFP2BVH.06.LZZZZZZZ.jpg,48,1,thuc-pham-bo-sung,,Amazon Japan,https://www.amazon.co.jp/dp/B08YFP2BVH,2480,JPY,1 JPY = 167.08 VND
,Dear Natura Vitamin D Multi Vitamin Zinc Lactic Acid,dear-natura-vitamin-d-multi-vitamin-zinc-lactic-acid-49,Dear Natura vitamin D enhanced multivitamin zinc and lactic acid supplement.,Dear Natura vitamin D enhanced multivitamin zinc and lactic acid supplement. Collected from Amazon Japan product page/source. Price converted from JPY to VND; stock is a placeholder.,214000,,38,https://images-na.ssl-images-amazon.com/images/P/B09NPQN752.01.LZZZZZZZ.jpg,https://images-na.ssl-images-amazon.com/images/P/B09NPQN752.02.LZZZZZZZ.jpg|https://images-na.ssl-images-amazon.com/images/P/B09NPQN752.03.LZZZZZZZ.jpg|https://images-na.ssl-images-amazon.com/images/P/B09NPQN752.04.LZZZZZZZ.jpg|https://images-na.ssl-images-amazon.com/images/P/B09NPQN752.05.LZZZZZZZ.jpg|https://images-na.ssl-images-amazon.com/images/P/B09NPQN752.06.LZZZZZZZ.jpg,49,1,thuc-pham-bo-sung,,Amazon Japan,https://www.amazon.co.jp/dp/B09NPQN752,1280,JPY,1 JPY = 167.08 VND
,DHC Domestic Perfect Vegetable Premium 30 Day,dhc-domestic-perfect-vegetable-premium-30-day-50,DHC domestic perfect vegetable premium 30-day supplement.,DHC domestic perfect vegetable premium 30-day supplement. Collected from Amazon Japan product page/source. Price converted from JPY to VND; stock is a placeholder.,231000,,39,https://images-na.ssl-images-amazon.com/images/P/B01N7C0BK4.01.LZZZZZZZ.jpg,https://images-na.ssl-images-amazon.com/images/P/B01N7C0BK4.02.LZZZZZZZ.jpg|https://images-na.ssl-images-amazon.com/images/P/B01N7C0BK4.03.LZZZZZZZ.jpg|https://images-na.ssl-images-amazon.com/images/P/B01N7C0BK4.04.LZZZZZZZ.jpg|https://images-na.ssl-images-amazon.com/images/P/B01N7C0BK4.05.LZZZZZZZ.jpg|https://images-na.ssl-images-amazon.com/images/P/B01N7C0BK4.06.LZZZZZZZ.jpg,50,1,thuc-pham-bo-sung,,Amazon Japan,https://www.amazon.co.jp/dp/B01N7C0BK4,1380,JPY,1 JPY = 167.08 VND
,Nature Made Super Multi Vitamin and Mineral 120 Day,nature-made-super-multi-vitamin-and-mineral-120-day-51,Nature Made Super Multi Vitamin and Mineral 120-day supplement.,Nature Made Super Multi Vitamin and Mineral 120-day supplement. Collected from Amazon Japan product page/source. Price converted from JPY to VND; stock is a placeholder.,340000,,40,https://images-na.ssl-images-amazon.com/images/P/B00516RULK.01.LZZZZZZZ.jpg,https://images-na.ssl-images-amazon.com/images/P/B00516RULK.02.LZZZZZZZ.jpg|https://images-na.ssl-images-amazon.com/images/P/B00516RULK.03.LZZZZZZZ.jpg|https://images-na.ssl-images-amazon.com/images/P/B00516RULK.04.LZZZZZZZ.jpg|https://images-na.ssl-images-amazon.com/images/P/B00516RULK.05.LZZZZZZZ.jpg|https://images-na.ssl-images-amazon.com/images/P/B00516RULK.06.LZZZZZZZ.jpg,51,1,thuc-pham-bo-sung,,Amazon Japan,https://www.amazon.co.jp/dp/B00516RULK,2036,JPY,1 JPY = 167.08 VND
,Nature Made Calcium Magnesium Zinc 30 Day,nature-made-calcium-magnesium-zinc-30-day-52,Nature Made calcium magnesium zinc 30-day supplement.,Nature Made calcium magnesium zinc 30-day supplement. Collected from Amazon Japan product page/source. Price converted from JPY to VND; stock is a placeholder.,144000,,41,https://images-na.ssl-images-amazon.com/images/P/B000FQTQPY.01.LZZZZZZZ.jpg,https://images-na.ssl-images-amazon.com/images/P/B000FQTQPY.02.LZZZZZZZ.jpg|https://images-na.ssl-images-amazon.com/images/P/B000FQTQPY.03.LZZZZZZZ.jpg|https://images-na.ssl-images-amazon.com/images/P/B000FQTQPY.04.LZZZZZZZ.jpg|https://images-na.ssl-images-amazon.com/images/P/B000FQTQPY.05.LZZZZZZZ.jpg|https://images-na.ssl-images-amazon.com/images/P/B000FQTQPY.06.LZZZZZZZ.jpg,52,1,thuc-pham-bo-sung,,Amazon Japan,https://www.amazon.co.jp/dp/B000FQTQPY,860,JPY,1 JPY = 167.08 VND
,Dear Natura Calcium Magnesium Zinc Vitamin D 90 Day,dear-natura-calcium-magnesium-zinc-vitamin-d-90-day-53,Dear Natura Style calcium magnesium zinc vitamin D 90-day pouch.,Dear Natura Style calcium magnesium zinc vitamin D 90-day pouch. Collected from Amazon Japan product page/source. Price converted from JPY to VND; stock is a placeholder.,331000,,42,https://images-na.ssl-images-amazon.com/images/P/B0CW85BJCN.01.LZZZZZZZ.jpg,https://images-na.ssl-images-amazon.com/images/P/B0CW85BJCN.02.LZZZZZZZ.jpg|https://images-na.ssl-images-amazon.com/images/P/B0CW85BJCN.03.LZZZZZZZ.jpg|https://images-na.ssl-images-amazon.com/images/P/B0CW85BJCN.04.LZZZZZZZ.jpg|https://images-na.ssl-images-amazon.com/images/P/B0CW85BJCN.05.LZZZZZZZ.jpg|https://images-na.ssl-images-amazon.com/images/P/B0CW85BJCN.06.LZZZZZZZ.jpg,53,1,thuc-pham-bo-sung,,Amazon Japan,https://www.amazon.co.jp/dp/B0CW85BJCN,1980,JPY,1 JPY = 167.08 VND
,Nature Made Iron 200 Tablets 100 Day,nature-made-iron-200-tablets-100-day-54,"Nature Made iron supplement, 200 tablets.","Nature Made iron supplement, 200 tablets. Collected from Amazon Japan product page/source. Price converted from JPY to VND; stock is a placeholder.",164000,,43,https://images-na.ssl-images-amazon.com/images/P/B003E37US0.01.LZZZZZZZ.jpg,https://images-na.ssl-images-amazon.com/images/P/B003E37US0.02.LZZZZZZZ.jpg|https://images-na.ssl-images-amazon.com/images/P/B003E37US0.03.LZZZZZZZ.jpg|https://images-na.ssl-images-amazon.com/images/P/B003E37US0.04.LZZZZZZZ.jpg|https://images-na.ssl-images-amazon.com/images/P/B003E37US0.05.LZZZZZZZ.jpg|https://images-na.ssl-images-amazon.com/images/P/B003E37US0.06.LZZZZZZZ.jpg,54,1,thuc-pham-bo-sung,,Amazon Japan,https://www.amazon.co.jp/dp/B003E37US0,980,JPY,1 JPY = 167.08 VND
,Buffalo WSR-3200AX4S Wi-Fi 6 Router Black,buffalo-wsr-3200ax4s-wi-fi-6-router-black-55,Buffalo WSR-3200AX4S Amazon Japan limited Wi-Fi 6 router.,Buffalo WSR-3200AX4S Amazon Japan limited Wi-Fi 6 router. Collected from Amazon Japan product page/source. Price converted from JPY to VND; stock is a placeholder.,1053000,,44,https://images-na.ssl-images-amazon.com/images/P/B08LG6F4T4.01.LZZZZZZZ.jpg,https://images-na.ssl-images-amazon.com/images/P/B08LG6F4T4.02.LZZZZZZZ.jpg|https://images-na.ssl-images-amazon.com/images/P/B08LG6F4T4.03.LZZZZZZZ.jpg|https://images-na.ssl-images-amazon.com/images/P/B08LG6F4T4.04.LZZZZZZZ.jpg|https://images-na.ssl-images-amazon.com/images/P/B08LG6F4T4.05.LZZZZZZZ.jpg|https://images-na.ssl-images-amazon.com/images/P/B08LG6F4T4.06.LZZZZZZZ.jpg,55,1,thiet-bi-mang,,Amazon Japan,https://www.amazon.co.jp/dp/B08LG6F4T4,6300,JPY,1 JPY = 167.08 VND
,Buffalo WSR-6000AX8P Wi-Fi 6 Router,buffalo-wsr-6000ax8p-wi-fi-6-router-56,Buffalo WSR-6000AX8P Wi-Fi 6 wireless LAN router.,Buffalo WSR-6000AX8P Wi-Fi 6 wireless LAN router. Collected from Amazon Japan product page/source. Price converted from JPY to VND; stock is a placeholder.,2974000,,45,https://images-na.ssl-images-amazon.com/images/P/B0CCLRC3BD.01.LZZZZZZZ.jpg,https://images-na.ssl-images-amazon.com/images/P/B0CCLRC3BD.02.LZZZZZZZ.jpg|https://images-na.ssl-images-amazon.com/images/P/B0CCLRC3BD.03.LZZZZZZZ.jpg|https://images-na.ssl-images-amazon.com/images/P/B0CCLRC3BD.04.LZZZZZZZ.jpg|https://images-na.ssl-images-amazon.com/images/P/B0CCLRC3BD.05.LZZZZZZZ.jpg|https://images-na.ssl-images-amazon.com/images/P/B0CCLRC3BD.06.LZZZZZZZ.jpg,56,1,thiet-bi-mang,,Amazon Japan,https://www.amazon.co.jp/dp/B0CCLRC3BD,17800,JPY,1 JPY = 167.08 VND
,Buffalo WEX-3000AX4EA Wi-Fi 6 Extender,buffalo-wex-3000ax4ea-wi-fi-6-extender-57,Buffalo WEX-3000AX4EA Wi-Fi 6 mesh extender.,Buffalo WEX-3000AX4EA Wi-Fi 6 mesh extender. Collected from Amazon Japan product page/source. Price converted from JPY to VND; stock is a placeholder.,1601000,,46,https://images-na.ssl-images-amazon.com/images/P/B0DJV98JTL.01.LZZZZZZZ.jpg,https://images-na.ssl-images-amazon.com/images/P/B0DJV98JTL.02.LZZZZZZZ.jpg|https://images-na.ssl-images-amazon.com/images/P/B0DJV98JTL.03.LZZZZZZZ.jpg|https://images-na.ssl-images-amazon.com/images/P/B0DJV98JTL.04.LZZZZZZZ.jpg|https://images-na.ssl-images-amazon.com/images/P/B0DJV98JTL.05.LZZZZZZZ.jpg|https://images-na.ssl-images-amazon.com/images/P/B0DJV98JTL.06.LZZZZZZZ.jpg,57,1,thiet-bi-mang,,Amazon Japan,https://www.amazon.co.jp/dp/B0DJV98JTL,9580,JPY,1 JPY = 167.08 VND
,NEC Aterm AM-AX11000T12 Wi-Fi 6E Router,nec-aterm-am-ax11000t12-wi-fi-6e-router-58,NEC Aterm tri-band Wi-Fi 6E router.,NEC Aterm tri-band Wi-Fi 6E router. Collected from Amazon Japan product page/source. Price converted from JPY to VND; stock is a placeholder.,8321000,,47,https://images-na.ssl-images-amazon.com/images/P/B0B4MF1YKP.01.LZZZZZZZ.jpg,https://images-na.ssl-images-amazon.com/images/P/B0B4MF1YKP.02.LZZZZZZZ.jpg|https://images-na.ssl-images-amazon.com/images/P/B0B4MF1YKP.03.LZZZZZZZ.jpg|https://images-na.ssl-images-amazon.com/images/P/B0B4MF1YKP.04.LZZZZZZZ.jpg|https://images-na.ssl-images-amazon.com/images/P/B0B4MF1YKP.05.LZZZZZZZ.jpg|https://images-na.ssl-images-amazon.com/images/P/B0B4MF1YKP.06.LZZZZZZZ.jpg,58,1,thiet-bi-mang,,Amazon Japan,https://www.amazon.co.jp/dp/B0B4MF1YKP,49800,JPY,1 JPY = 167.08 VND
,NEC Aterm AG2600HS2 Wi-Fi 5 Router,nec-aterm-ag2600hs2-wi-fi-5-router-59,NEC Aterm AG2600HS2 Wi-Fi router.,NEC Aterm AG2600HS2 Wi-Fi router. Collected from Amazon Japan product page/source. Price converted from JPY to VND; stock is a placeholder.,1500000,,48,https://images-na.ssl-images-amazon.com/images/P/B09HKFGJ5Z.01.LZZZZZZZ.jpg,https://images-na.ssl-images-amazon.com/images/P/B09HKFGJ5Z.02.LZZZZZZZ.jpg|https://images-na.ssl-images-amazon.com/images/P/B09HKFGJ5Z.03.LZZZZZZZ.jpg|https://images-na.ssl-images-amazon.com/images/P/B09HKFGJ5Z.04.LZZZZZZZ.jpg|https://images-na.ssl-images-amazon.com/images/P/B09HKFGJ5Z.05.LZZZZZZZ.jpg|https://images-na.ssl-images-amazon.com/images/P/B09HKFGJ5Z.06.LZZZZZZZ.jpg,59,1,thiet-bi-mang,,Amazon Japan,https://www.amazon.co.jp/dp/B09HKFGJ5Z,8980,JPY,1 JPY = 167.08 VND
,ELECOM Power Strip 6 Outlet 3m Black,elecom-power-strip-6-outlet-3m-black-60,ELECOM 6-outlet power strip with 3m cable and surge guard.,ELECOM 6-outlet power strip with 3m cable and surge guard. Collected from Amazon Japan product page/source. Price converted from JPY to VND; stock is a placeholder.,247000,,49,https://images-na.ssl-images-amazon.com/images/P/B07V1XJ56J.01.LZZZZZZZ.jpg,https://images-na.ssl-images-amazon.com/images/P/B07V1XJ56J.02.LZZZZZZZ.jpg|https://images-na.ssl-images-amazon.com/images/P/B07V1XJ56J.03.LZZZZZZZ.jpg|https://images-na.ssl-images-amazon.com/images/P/B07V1XJ56J.04.LZZZZZZZ.jpg|https://images-na.ssl-images-amazon.com/images/P/B07V1XJ56J.05.LZZZZZZZ.jpg|https://images-na.ssl-images-amazon.com/images/P/B07V1XJ56J.06.LZZZZZZZ.jpg,60,1,phu-kien,,Amazon Japan,https://www.amazon.co.jp/dp/B07V1XJ56J,1480,JPY,1 JPY = 167.08 VND
,Lenovo IdeaPad Slim 5i Gen8 Core i5 16GB 512GB,lenovo-ideapad-slim-5i-gen8-core-i5-16gb-512gb-61,"Lenovo IdeaPad Slim 5i Gen8 laptop with Core i5, 16GB RAM and 512GB SSD.","Lenovo IdeaPad Slim 5i Gen8 laptop with Core i5, 16GB RAM and 512GB SSD. Collected from Amazon Japan product page/source. Price converted from JPY to VND; stock is a placeholder.",26399000,,20,https://images-na.ssl-images-amazon.com/images/P/B0C4LGVSL2.01.LZZZZZZZ.jpg,https://images-na.ssl-images-amazon.com/images/P/B0C4LGVSL2.02.LZZZZZZZ.jpg|https://images-na.ssl-images-amazon.com/images/P/B0C4LGVSL2.03.LZZZZZZZ.jpg|https://images-na.ssl-images-amazon.com/images/P/B0C4LGVSL2.04.LZZZZZZZ.jpg|https://images-na.ssl-images-amazon.com/images/P/B0C4LGVSL2.05.LZZZZZZZ.jpg|https://images-na.ssl-images-amazon.com/images/P/B0C4LGVSL2.06.LZZZZZZZ.jpg,61,1,laptop,,Amazon Japan,https://www.amazon.co.jp/dp/B0C4LGVSL2,158000,JPY,1 JPY = 167.08 VND
,Lenovo IdeaPad Slim 3 N100 8GB 512GB,lenovo-ideapad-slim-3-n100-8gb-512gb-62,"Lenovo IdeaPad Slim 3 laptop with Intel N100, 8GB RAM and 512GB SSD.","Lenovo IdeaPad Slim 3 laptop with Intel N100, 8GB RAM and 512GB SSD. Collected from Amazon Japan product page/source. Price converted from JPY to VND; stock is a placeholder.",12163000,,21,https://images-na.ssl-images-amazon.com/images/P/B0D3GR79DP.01.LZZZZZZZ.jpg,https://images-na.ssl-images-amazon.com/images/P/B0D3GR79DP.02.LZZZZZZZ.jpg|https://images-na.ssl-images-amazon.com/images/P/B0D3GR79DP.03.LZZZZZZZ.jpg|https://images-na.ssl-images-amazon.com/images/P/B0D3GR79DP.04.LZZZZZZZ.jpg|https://images-na.ssl-images-amazon.com/images/P/B0D3GR79DP.05.LZZZZZZZ.jpg|https://images-na.ssl-images-amazon.com/images/P/B0D3GR79DP.06.LZZZZZZZ.jpg,62,1,laptop,,Amazon Japan,https://www.amazon.co.jp/dp/B0D3GR79DP,72800,JPY,1 JPY = 167.08 VND
,ASUS Zenbook 14 OLED Core Ultra 7 16GB 1TB,asus-zenbook-14-oled-core-ultra-7-16gb-1tb-63,"ASUS Zenbook 14 OLED laptop with Core Ultra 7, 16GB RAM and 1TB SSD.","ASUS Zenbook 14 OLED laptop with Core Ultra 7, 16GB RAM and 1TB SSD. Collected from Amazon Japan product page/source. Price converted from JPY to VND; stock is a placeholder.",28370000,,22,https://images-na.ssl-images-amazon.com/images/P/B0D9Q2Y86R.01.LZZZZZZZ.jpg,https://images-na.ssl-images-amazon.com/images/P/B0D9Q2Y86R.02.LZZZZZZZ.jpg|https://images-na.ssl-images-amazon.com/images/P/B0D9Q2Y86R.03.LZZZZZZZ.jpg|https://images-na.ssl-images-amazon.com/images/P/B0D9Q2Y86R.04.LZZZZZZZ.jpg|https://images-na.ssl-images-amazon.com/images/P/B0D9Q2Y86R.05.LZZZZZZZ.jpg|https://images-na.ssl-images-amazon.com/images/P/B0D9Q2Y86R.06.LZZZZZZZ.jpg,63,1,laptop,asus,Amazon Japan,https://www.amazon.co.jp/dp/B0D9Q2Y86R,169800,JPY,1 JPY = 167.08 VND
,Hada Labo Shirojyun Premium Whitening Lotion,hada-labo-shirojyun-premium-whitening-lotion-64,Hada Labo Shirojyun Premium medicated whitening lotion.,Hada Labo Shirojyun Premium medicated whitening lotion. Collected from Amazon Japan product page/source. Price converted from JPY to VND; stock is a placeholder.,297000,,23,https://images-na.ssl-images-amazon.com/images/P/B06WP7GBV3.01.LZZZZZZZ.jpg,https://images-na.ssl-images-amazon.com/images/P/B06WP7GBV3.02.LZZZZZZZ.jpg|https://images-na.ssl-images-amazon.com/images/P/B06WP7GBV3.03.LZZZZZZZ.jpg|https://images-na.ssl-images-amazon.com/images/P/B06WP7GBV3.04.LZZZZZZZ.jpg|https://images-na.ssl-images-amazon.com/images/P/B06WP7GBV3.05.LZZZZZZZ.jpg|https://images-na.ssl-images-amazon.com/images/P/B06WP7GBV3.06.LZZZZZZZ.jpg,64,1,phu-kien,,Amazon Japan,https://www.amazon.co.jp/dp/B06WP7GBV3,1780,JPY,1 JPY = 167.08 VND
,KOSE Suncut Perfect UV Gel 100g,kose-suncut-perfect-uv-gel-100g-65,KOSE Suncut Perfect UV gel SPF50+ PA++++.,KOSE Suncut Perfect UV gel SPF50+ PA++++. Collected from Amazon Japan product page/source. Price converted from JPY to VND; stock is a placeholder.,117000,,24,https://images-na.ssl-images-amazon.com/images/P/B07MQ7BZJZ.01.LZZZZZZZ.jpg,https://images-na.ssl-images-amazon.com/images/P/B07MQ7BZJZ.02.LZZZZZZZ.jpg|https://images-na.ssl-images-amazon.com/images/P/B07MQ7BZJZ.03.LZZZZZZZ.jpg|https://images-na.ssl-images-amazon.com/images/P/B07MQ7BZJZ.04.LZZZZZZZ.jpg|https://images-na.ssl-images-amazon.com/images/P/B07MQ7BZJZ.05.LZZZZZZZ.jpg|https://images-na.ssl-images-amazon.com/images/P/B07MQ7BZJZ.06.LZZZZZZZ.jpg,65,1,phu-kien,,Amazon Japan,https://www.amazon.co.jp/dp/B07MQ7BZJZ,698,JPY,1 JPY = 167.08 VND
,Biore UV Aqua Rich Watery Essence 110g,biore-uv-aqua-rich-watery-essence-110g-66,Biore UV Aqua Rich watery essence large size.,Biore UV Aqua Rich watery essence large size. Collected from Amazon Japan product page/source. Price converted from JPY to VND; stock is a placeholder.,211000,,25,https://images-na.ssl-images-amazon.com/images/P/B0BQYQGVP1.01.LZZZZZZZ.jpg,https://images-na.ssl-images-amazon.com/images/P/B0BQYQGVP1.02.LZZZZZZZ.jpg|https://images-na.ssl-images-amazon.com/images/P/B0BQYQGVP1.03.LZZZZZZZ.jpg|https://images-na.ssl-images-amazon.com/images/P/B0BQYQGVP1.04.LZZZZZZZ.jpg|https://images-na.ssl-images-amazon.com/images/P/B0BQYQGVP1.05.LZZZZZZZ.jpg|https://images-na.ssl-images-amazon.com/images/P/B0BQYQGVP1.06.LZZZZZZZ.jpg,66,1,phu-kien,,Amazon Japan,https://www.amazon.co.jp/dp/B0BQYQGVP1,1265,JPY,1 JPY = 167.08 VND
,KOSE Suncut Tone Up UV Essence Lavender 80g,kose-suncut-tone-up-uv-essence-lavender-80g-67,KOSE Suncut tone-up UV essence lavender.,KOSE Suncut tone-up UV essence lavender. Collected from Amazon Japan product page/source. Price converted from JPY to VND; stock is a placeholder.,147000,,26,https://images-na.ssl-images-amazon.com/images/P/B0CNNY8HNQ.01.LZZZZZZZ.jpg,https://images-na.ssl-images-amazon.com/images/P/B0CNNY8HNQ.02.LZZZZZZZ.jpg|https://images-na.ssl-images-amazon.com/images/P/B0CNNY8HNQ.03.LZZZZZZZ.jpg|https://images-na.ssl-images-amazon.com/images/P/B0CNNY8HNQ.04.LZZZZZZZ.jpg|https://images-na.ssl-images-amazon.com/images/P/B0CNNY8HNQ.05.LZZZZZZZ.jpg|https://images-na.ssl-images-amazon.com/images/P/B0CNNY8HNQ.06.LZZZZZZZ.jpg,67,1,phu-kien,,Amazon Japan,https://www.amazon.co.jp/dp/B0CNNY8HNQ,880,JPY,1 JPY = 167.08 VND
,Biore UV Athlizm Protect Stick,biore-uv-athlizm-protect-stick-68,Biore UV Athlizm protect stick sunscreen.,Biore UV Athlizm protect stick sunscreen. Collected from Amazon Japan product page/source. Price converted from JPY to VND; stock is a placeholder.,247000,,27,https://images-na.ssl-images-amazon.com/images/P/B0CVS617L4.01.LZZZZZZZ.jpg,https://images-na.ssl-images-amazon.com/images/P/B0CVS617L4.02.LZZZZZZZ.jpg|https://images-na.ssl-images-amazon.com/images/P/B0CVS617L4.03.LZZZZZZZ.jpg|https://images-na.ssl-images-amazon.com/images/P/B0CVS617L4.04.LZZZZZZZ.jpg|https://images-na.ssl-images-amazon.com/images/P/B0CVS617L4.05.LZZZZZZZ.jpg|https://images-na.ssl-images-amazon.com/images/P/B0CVS617L4.06.LZZZZZZZ.jpg,68,1,phu-kien,,Amazon Japan,https://www.amazon.co.jp/dp/B0CVS617L4,1480,JPY,1 JPY = 167.08 VND
,Biore UV Aqua Rich Watery Essence 70g,biore-uv-aqua-rich-watery-essence-70g-69,Biore UV Aqua Rich watery essence 70g.,Biore UV Aqua Rich watery essence 70g. Collected from Amazon Japan product page/source. Price converted from JPY to VND; stock is a placeholder.,133000,,28,https://images-na.ssl-images-amazon.com/images/P/B0BSGD7C3Z.01.LZZZZZZZ.jpg,https://images-na.ssl-images-amazon.com/images/P/B0BSGD7C3Z.02.LZZZZZZZ.jpg|https://images-na.ssl-images-amazon.com/images/P/B0BSGD7C3Z.03.LZZZZZZZ.jpg|https://images-na.ssl-images-amazon.com/images/P/B0BSGD7C3Z.04.LZZZZZZZ.jpg|https://images-na.ssl-images-amazon.com/images/P/B0BSGD7C3Z.05.LZZZZZZZ.jpg|https://images-na.ssl-images-amazon.com/images/P/B0BSGD7C3Z.06.LZZZZZZZ.jpg,69,1,phu-kien,,Amazon Japan,https://www.amazon.co.jp/dp/B0BSGD7C3Z,798,JPY,1 JPY = 167.08 VND
,Anessa Perfect UV Skincare Milk N 60ml,anessa-perfect-uv-skincare-milk-n-60ml-70,Anessa Perfect UV skincare milk N sunscreen.,Anessa Perfect UV skincare milk N sunscreen. Collected from Amazon Japan product page/source. Price converted from JPY to VND; stock is a placeholder.,498000,,29,https://images-na.ssl-images-amazon.com/images/P/B09TW57D5Y.01.LZZZZZZZ.jpg,https://images-na.ssl-images-amazon.com/images/P/B09TW57D5Y.02.LZZZZZZZ.jpg|https://images-na.ssl-images-amazon.com/images/P/B09TW57D5Y.03.LZZZZZZZ.jpg|https://images-na.ssl-images-amazon.com/images/P/B09TW57D5Y.04.LZZZZZZZ.jpg|https://images-na.ssl-images-amazon.com/images/P/B09TW57D5Y.05.LZZZZZZZ.jpg|https://images-na.ssl-images-amazon.com/images/P/B09TW57D5Y.06.LZZZZZZZ.jpg,70,1,phu-kien,,Amazon Japan,https://www.amazon.co.jp/dp/B09TW57D5Y,2980,JPY,1 JPY = 167.08 VND
,Biore UV Kids Pure Milk 70ml,biore-uv-kids-pure-milk-70ml-71,Biore UV Kids Pure Milk sunscreen.,Biore UV Kids Pure Milk sunscreen. Collected from Amazon Japan product page/source. Price converted from JPY to VND; stock is a placeholder.,130000,,30,https://images-na.ssl-images-amazon.com/images/P/B0834FVT5J.01.LZZZZZZZ.jpg,https://images-na.ssl-images-amazon.com/images/P/B0834FVT5J.02.LZZZZZZZ.jpg|https://images-na.ssl-images-amazon.com/images/P/B0834FVT5J.03.LZZZZZZZ.jpg|https://images-na.ssl-images-amazon.com/images/P/B0834FVT5J.04.LZZZZZZZ.jpg|https://images-na.ssl-images-amazon.com/images/P/B0834FVT5J.05.LZZZZZZZ.jpg|https://images-na.ssl-images-amazon.com/images/P/B0834FVT5J.06.LZZZZZZZ.jpg,71,1,phu-kien,,Amazon Japan,https://www.amazon.co.jp/dp/B0834FVT5J,780,JPY,1 JPY = 167.08 VND
,Biore UV Athlizm Skin Protect Milk 65ml,biore-uv-athlizm-skin-protect-milk-65ml-72,Biore UV Athlizm skin protect milk.,Biore UV Athlizm skin protect milk. Collected from Amazon Japan product page/source. Price converted from JPY to VND; stock is a placeholder.,199000,,31,https://images-na.ssl-images-amazon.com/images/P/B07KWH7VLD.01.LZZZZZZZ.jpg,https://images-na.ssl-images-amazon.com/images/P/B07KWH7VLD.02.LZZZZZZZ.jpg|https://images-na.ssl-images-amazon.com/images/P/B07KWH7VLD.03.LZZZZZZZ.jpg|https://images-na.ssl-images-amazon.com/images/P/B07KWH7VLD.04.LZZZZZZZ.jpg|https://images-na.ssl-images-amazon.com/images/P/B07KWH7VLD.05.LZZZZZZZ.jpg|https://images-na.ssl-images-amazon.com/images/P/B07KWH7VLD.06.LZZZZZZZ.jpg,72,1,phu-kien,,Amazon Japan,https://www.amazon.co.jp/dp/B07KWH7VLD,1190,JPY,1 JPY = 167.08 VND
,Biore UV Athlizm Protect Spray 90g,biore-uv-athlizm-protect-spray-90g-73,Biore UV Athlizm protect spray sunscreen.,Biore UV Athlizm protect spray sunscreen. Collected from Amazon Japan product page/source. Price converted from JPY to VND; stock is a placeholder.,164000,,32,https://images-na.ssl-images-amazon.com/images/P/B0834FNSCX.01.LZZZZZZZ.jpg,https://images-na.ssl-images-amazon.com/images/P/B0834FNSCX.02.LZZZZZZZ.jpg|https://images-na.ssl-images-amazon.com/images/P/B0834FNSCX.03.LZZZZZZZ.jpg|https://images-na.ssl-images-amazon.com/images/P/B0834FNSCX.04.LZZZZZZZ.jpg|https://images-na.ssl-images-amazon.com/images/P/B0834FNSCX.05.LZZZZZZZ.jpg|https://images-na.ssl-images-amazon.com/images/P/B0834FNSCX.06.LZZZZZZZ.jpg,73,1,phu-kien,,Amazon Japan,https://www.amazon.co.jp/dp/B0834FNSCX,980,JPY,1 JPY = 167.08 VND
,Skin Aqua Super Moisture Gel Pump 140g,skin-aqua-super-moisture-gel-pump-140g-74,Skin Aqua super moisture gel pump sunscreen.,Skin Aqua super moisture gel pump sunscreen. Collected from Amazon Japan product page/source. Price converted from JPY to VND; stock is a placeholder.,137000,,33,https://images-na.ssl-images-amazon.com/images/P/B0BSFK1RRP.01.LZZZZZZZ.jpg,https://images-na.ssl-images-amazon.com/images/P/B0BSFK1RRP.02.LZZZZZZZ.jpg|https://images-na.ssl-images-amazon.com/images/P/B0BSFK1RRP.03.LZZZZZZZ.jpg|https://images-na.ssl-images-amazon.com/images/P/B0BSFK1RRP.04.LZZZZZZZ.jpg|https://images-na.ssl-images-amazon.com/images/P/B0BSFK1RRP.05.LZZZZZZZ.jpg|https://images-na.ssl-images-amazon.com/images/P/B0BSFK1RRP.06.LZZZZZZZ.jpg,74,1,phu-kien,,Amazon Japan,https://www.amazon.co.jp/dp/B0BSFK1RRP,820,JPY,1 JPY = 167.08 VND
,Sony WH-1000XM5 Wireless Headphones Platinum Silver,sony-wh-1000xm5-wireless-headphones-platinum-silver-75,Sony WH-1000XM5 wireless noise cancelling headphones platinum silver.,Sony WH-1000XM5 wireless noise cancelling headphones platinum silver. Collected from Amazon Japan product page/source. Price converted from JPY to VND; stock is a placeholder.,6650000,,34,https://images-na.ssl-images-amazon.com/images/P/B09Z2S9FSX.01.LZZZZZZZ.jpg,https://images-na.ssl-images-amazon.com/images/P/B09Z2S9FSX.02.LZZZZZZZ.jpg|https://images-na.ssl-images-amazon.com/images/P/B09Z2S9FSX.03.LZZZZZZZ.jpg|https://images-na.ssl-images-amazon.com/images/P/B09Z2S9FSX.04.LZZZZZZZ.jpg|https://images-na.ssl-images-amazon.com/images/P/B09Z2S9FSX.05.LZZZZZZZ.jpg|https://images-na.ssl-images-amazon.com/images/P/B09Z2S9FSX.06.LZZZZZZZ.jpg,75,1,tai-nghe,sony,Amazon Japan,https://www.amazon.co.jp/dp/B09Z2S9FSX,39800,JPY,1 JPY = 167.08 VND
,Kindle Paperwhite Signature Edition 32GB Black,kindle-paperwhite-signature-edition-32gb-black-76,Kindle Paperwhite Signature Edition 32GB black e-reader.,Kindle Paperwhite Signature Edition 32GB black e-reader. Collected from Amazon Japan product page/source. Price converted from JPY to VND; stock is a placeholder.,3338000,,35,https://images-na.ssl-images-amazon.com/images/P/B08N2ZL7PS.01.LZZZZZZZ.jpg,https://images-na.ssl-images-amazon.com/images/P/B08N2ZL7PS.02.LZZZZZZZ.jpg|https://images-na.ssl-images-amazon.com/images/P/B08N2ZL7PS.03.LZZZZZZZ.jpg|https://images-na.ssl-images-amazon.com/images/P/B08N2ZL7PS.04.LZZZZZZZ.jpg|https://images-na.ssl-images-amazon.com/images/P/B08N2ZL7PS.05.LZZZZZZZ.jpg|https://images-na.ssl-images-amazon.com/images/P/B08N2ZL7PS.06.LZZZZZZZ.jpg,76,1,may-tinh-bang,,Amazon Japan,https://www.amazon.co.jp/dp/B08N2ZL7PS,19980,JPY,1 JPY = 167.08 VND
,DHC Vitamin C Hard Capsule 90 Day 180 Tablets,dhc-vitamin-c-hard-capsule-90-day-180-tablets-77,DHC Vitamin C hard capsule 90-day supplement with 180 tablets.,DHC Vitamin C hard capsule 90-day supplement with 180 tablets. Collected from Amazon Japan product page/source. Price converted from JPY to VND; stock is a placeholder.,108000,,36,https://images-na.ssl-images-amazon.com/images/P/B01FW9LG74.01.LZZZZZZZ.jpg,https://images-na.ssl-images-amazon.com/images/P/B01FW9LG74.02.LZZZZZZZ.jpg|https://images-na.ssl-images-amazon.com/images/P/B01FW9LG74.03.LZZZZZZZ.jpg|https://images-na.ssl-images-amazon.com/images/P/B01FW9LG74.04.LZZZZZZZ.jpg|https://images-na.ssl-images-amazon.com/images/P/B01FW9LG74.05.LZZZZZZZ.jpg|https://images-na.ssl-images-amazon.com/images/P/B01FW9LG74.06.LZZZZZZZ.jpg,77,1,thuc-pham-bo-sung,,Amazon Japan,https://www.amazon.co.jp/dp/B01FW9LG74,644,JPY,1 JPY = 167.08 VND
,DHC Heme Iron 90 Day 180 Tablets,dhc-heme-iron-90-day-180-tablets-78,DHC Heme Iron 90-day supplement with vitamin B12 and folic acid.,DHC Heme Iron 90-day supplement with vitamin B12 and folic acid. Collected from Amazon Japan product page/source. Price converted from JPY to VND; stock is a placeholder.,192000,,37,https://images-na.ssl-images-amazon.com/images/P/B07H7GDDTX.01.LZZZZZZZ.jpg,https://images-na.ssl-images-amazon.com/images/P/B07H7GDDTX.02.LZZZZZZZ.jpg|https://images-na.ssl-images-amazon.com/images/P/B07H7GDDTX.03.LZZZZZZZ.jpg|https://images-na.ssl-images-amazon.com/images/P/B07H7GDDTX.04.LZZZZZZZ.jpg|https://images-na.ssl-images-amazon.com/images/P/B07H7GDDTX.05.LZZZZZZZ.jpg|https://images-na.ssl-images-amazon.com/images/P/B07H7GDDTX.06.LZZZZZZZ.jpg,78,1,thuc-pham-bo-sung,,Amazon Japan,https://www.amazon.co.jp/dp/B07H7GDDTX,1149,JPY,1 JPY = 167.08 VND
,Dear Natura Style Zinc 90 Day,dear-natura-style-zinc-90-day-79,Dear Natura Style zinc 90-day supplement pouch.,Dear Natura Style zinc 90-day supplement pouch. Collected from Amazon Japan product page/source. Price converted from JPY to VND; stock is a placeholder.,99000,,38,https://images-na.ssl-images-amazon.com/images/P/B088RN1K1Q.01.LZZZZZZZ.jpg,https://images-na.ssl-images-amazon.com/images/P/B088RN1K1Q.02.LZZZZZZZ.jpg|https://images-na.ssl-images-amazon.com/images/P/B088RN1K1Q.03.LZZZZZZZ.jpg|https://images-na.ssl-images-amazon.com/images/P/B088RN1K1Q.04.LZZZZZZZ.jpg|https://images-na.ssl-images-amazon.com/images/P/B088RN1K1Q.05.LZZZZZZZ.jpg|https://images-na.ssl-images-amazon.com/images/P/B088RN1K1Q.06.LZZZZZZZ.jpg,79,1,thuc-pham-bo-sung,,Amazon Japan,https://www.amazon.co.jp/dp/B088RN1K1Q,594,JPY,1 JPY = 167.08 VND
,Nature Made Super Fish Oil EPA DHA 90 Day,nature-made-super-fish-oil-epa-dha-90-day-80,Nature Made Super Fish Oil EPA DHA 90-day supplement.,Nature Made Super Fish Oil EPA DHA 90-day supplement. Collected from Amazon Japan product page/source. Price converted from JPY to VND; stock is a placeholder.,247000,,39,https://images-na.ssl-images-amazon.com/images/P/B0FLCY3KQJ.01.LZZZZZZZ.jpg,https://images-na.ssl-images-amazon.com/images/P/B0FLCY3KQJ.02.LZZZZZZZ.jpg|https://images-na.ssl-images-amazon.com/images/P/B0FLCY3KQJ.03.LZZZZZZZ.jpg|https://images-na.ssl-images-amazon.com/images/P/B0FLCY3KQJ.04.LZZZZZZZ.jpg|https://images-na.ssl-images-amazon.com/images/P/B0FLCY3KQJ.05.LZZZZZZZ.jpg|https://images-na.ssl-images-amazon.com/images/P/B0FLCY3KQJ.06.LZZZZZZZ.jpg,80,1,thuc-pham-bo-sung,,Amazon Japan,https://www.amazon.co.jp/dp/B0FLCY3KQJ,1480,JPY,1 JPY = 167.08 VND
